,DAYOFWEEK,DAYOFYEAR,MONTHOFYEAR,DAYOFMONTH,hour,7dwarfs,dino,everest,flight,navi,pirates,rock,slinky,space,toy
0,4,244,9,1,8,65.21084324052593,21.45669391506091,24.796557203614867,90.51716962895347,49.60989795335095,22.69131004746639,47.58860913195559,61.53070366911003,15.440718207449175,37.71090498670664
1,4,244,9,1,9,65.5007645187351,22.7072729271222,28.949661017189204,99.27833662476314,50.54708068346336,23.76001379374339,53.404542427570604,59.23028893987696,16.75667089007347,43.08482291590755
2,4,244,9,1,10,61.27893138665013,23.224923961799345,29.457413292771534,103.21830560104894,55.37206432222952,22.60574877500822,56.740805322897664,60.56478304128003,14.675493121850147,52.69418678893883
3,4,244,9,1,11,69.05100650468619,23.826056869153863,32.37063969405407,104.59043315892988,58.629652569066494,26.659002531643765,54.77425783293039,64.61312550877821,16.0452982984085,54.40835280649995
4,4,244,9,1,12,65.03018927302621,23.766930044855403,31.82780720361488,92.11997534908053,58.35268094163461,26.031128481010175,58.84381227565132,61.99950049747203,15.677271172990444,53.07894443879308
5,4,244,9,1,13,72.39378548703546,24.16198070148629,32.83178381545047,103.70681583257269,52.394969514821675,26.031128481010175,57.41674970086842,61.61555854651146,18.36540205437668,54.066357480059956
6,4,244,9,1,14,75.33995618508118,25.78740284007694,29.33974223184203,118.2757544434302,62.848431377668426,25.624902784808146,53.5982765613656,66.74937562184003,12.290219302387282,54.47833953861639
7,4,244,9,1,15,76.82383656155083,25.787402840076943,25.91632768385586,116.02751302153257,58.351276679741765,27.263294484627284,56.69899972981664,66.74937562184003,6.48504467270852,51.98899796779027
8,4,244,9,1,16,80.89975449041754,22.79842615845848,25.460511299663068,118.27575444343017,62.89152674716217,26.980382674048883,56.70594096531889,66.74937562184003,5.0,47.80253300504747
9,4,244,9,1,17,79.26470168550603,22.50468787815386,30.110788270338915,118.27575444343022,59.413911254839824,25.07490278480814,58.53131227565132,66.74937562184003,5.0,43.26355302960694
10,4,244,9,1,18,63.55911671784398,24.616460171670006,31.395409604819825,118.27575444343022,52.04657919811034,20.948984060007543,58.00006428454329,60.064728747526985,15.32781067838198,46.87801889743823
11,4,244,9,1,19,65.6541955820289,23.048994906729362,25.52976302597098,118.27575444343022,53.215660289753906,19.566678509779663,56.04327753404094,58.05955044772483,14.900297818056798,47.236796558565146
12,4,244,9,1,20,59.55596056657305,19.848144885769244,23.31814971772845,107.17807840662985,50.61113077348557,18.670233512656615,41.69172479060789,62.23283383080537,14.646414361170544,45.45087406804596
13,5,245,9,2,8,58.47190366260557,22.817773862923094,24.796557203614867,109.48266391021862,49.60989795335095,22.69131004746639,49.78578545788722,61.53070366911003,14.060662960722315,43.740799696966896
14,5,245,9,2,9,63.883117459911574,23.02454948124211,26.896292373123707,99.8072167639005,55.53858557069159,22.90310341154479,42.70120669025408,59.23028893987696,16.75667089007347,43.08482291590755
15,5,245,9,2,10,71.42503011021192,23.09055213005772,29.457413292771534,100.38415342778906,50.001952713432885,24.824902784808152,47.76817370495195,60.56478304128003,14.675493121850147,52.69418678893883
16,5,245,9,2,11,70.04318010978724,23.340552130057706,32.37063969405407,106.31652636280656,52.83638615871984,26.117792779054245,52.43188611889234,64.61312550877821,15.961551540782503,54.40835280649995
17,5,245,9,2,12,69.5951887641565,23.507218796724388,31.82780720361488,95.49491458706115,46.896019819673455,21.504539615563097,49.83672977266,61.99950049747203,15.677271172990444,53.07894443879308
18,5,245,9,2,13,63.71502838962838,22.963255605394895,31.39540960481983,103.70681583257269,47.396845059199855,21.355382674048872,51.62804439714192,63.8912296019547,13.687511335344846,54.066357480059956
19,5,245,9,2,14,55.15716989488415,25.59055213005772,29.33974223184203,118.2757544434302,62.355583082879804,23.880859795055372,57.41674970086842,66.74937562184003,12.290219302387282,54.47833953861639
20,5,245,9,2,15,53.50845014259142,25.787402840076943,31.39540960481983,110.31475367065977,62.355583082879804,22.50126887726839,57.41674970086842,66.74937562184003,6.48504467270852,51.98899796779027
21,5,245,9,2,16,53.625026286692936,25.787402840076943,31.39540960481982,114.1506147316839,62.355583082879804,20.687418987340116,57.41674970086842,66.74937562184003,5.0,49.48671454961214
22,5,245,9,2,17,58.73193591081746,25.787402840076943,31.39540960481982,112.32296403428703,62.355583082879804,20.773346360757632,57.41674970086842,66.74937562184003,5.0,43.26355302960694
23,5,245,9,2,18,65.36764267121083,22.191601893384625,31.395409604819825,118.6139838454517,62.35558308287981,24.192607067508494,57.41674970086842,62.114904324492336,14.72029240318304,46.87801889743823
24,5,245,9,2,19,65.38035167510168,26.597517678523694,26.507370789112453,116.04189478181497,62.35558308287981,23.61795654008237,57.41674970086842,59.69521782388872,14.405282927153959,51.74590411850996
25,5,245,9,2,20,62.62867244860993,19.848144885769244,25.903147363695204,109.64230934069984,60.52512632986057,18.670233512656615,41.69172479060789,61.73028893987695,14.646414361170544,39.596450236041974
26,6,246,9,3,8,56.96820762693488,21.290265830968544,25.52976302597097,99.57671934265063,49.60989795335095,22.79557025316246,42.85654145062719,61.53070366911003,18.36540205437668,45.37247430186724
27,6,246,9,3,9,60.75072204547204,23.26334316006555,26.896292373123707,104.89135547242465,56.08068188541612,24.555569125789212,44.17313440829352,57.418621817343556,17.371809081343958,43.012116651896264
28,6,246,9,3,10,71.42503011021192,24.09448917919065,27.39640751681552,107.78102521659757,54.669586760514626,23.153442790311868,47.76817370495195,65.20781301820003,14.675493121850147,50.2636312333833
29,6,246,9,3,11,70.04318010978724,24.815132904414735,31.213399656365073,113.06587342906978,57.04833311554765,26.117792779054245,52.43188611889234,65.38228568092752,15.961551540782503,50.1789154525487
30,6,246,9,3,12,69.5951887641565,22.840552130057706,28.04655720361486,95.49491458706115,55.016687312159846,21.504539615563097,49.83672977266,67.02125048665742,15.74834064888711,47.31280150613389
31,6,246,9,3,13,63.71502838962838,22.805483585242182,28.070673781348024,118.27575444343017,51.74487635768874,21.355382674048872,51.62804439714192,62.36854217006098,14.546715753126202,48.529908436239026
32,6,246,9,3,14,55.15716989488415,23.861418385664635,27.419545849861404,101.07272518450903,51.3367722528737,22.33163729308475,57.41674970086842,67.79950049747204,12.290219302387282,49.05308598404797
33,6,246,9,3,15,53.50845014259142,24.12780240314203,26.760089240088043,110.31475367065977,55.639280363541175,22.29053183544114,57.41674970086842,68.14372646379387,6.48504467270852,49.24590411850996
34,6,246,9,3,16,53.625026286692936,25.787402840076943,29.01814187095095,114.1506147316839,53.09029928349984,22.02334636075764,57.41674970086842,61.57761769274503,5.0,49.67878331856292
35,6,246,9,3,17,58.73193591081746,25.787402840076943,28.037841337349857,112.32296403428703,49.77779744015224,21.02371693791251,57.41674970086842,57.8329170812267,16.456058903751437,50.413823538988396
36,6,246,9,3,18,68.48007400975669,25.787402840076947,25.827414711214487,118.6139838454517,62.35558308287981,23.224902784808148,57.41674970086842,63.143726463793875,15.281078503366674,49.47412113850766
37,6,246,9,3,19,67.13392016360285,23.68261756928996,24.819161958768767,116.04189478181497,62.35558308287981,24.41309992967458,57.41674970086842,62.19395881698669,16.137835045313903,46.21827804004664
38,6,246,9,3,20,62.4173887121387,22.53116903339745,27.8553489226243,106.50055884698537,60.52512632986057,18.670233512656615,50.0278423599347,61.42541717335114,15.395312708959636,46.64666165041922
39,7,247,9,4,8,56.96820762693488,22.661230870538493,25.623725603724406,106.39490116083245,53.12841647186947,22.406892781794213,49.737249746888665,60.66022370287431,18.36540205437668,47.375490550960876
40,7,247,9,4,9,64.08620112654202,23.68254374933024,28.329855761227147,108.9915492247287,58.29487377604668,21.56998001534136,51.9853673831192,67.10312553083907,18.15667487436114,50.2241413863897
41,7,247,9,4,10,70.09864002647335,26.00721879672439,27.39640751681552,116.7432073242765,54.669586760514626,23.432771354897188,50.55562475072369,66.45781301820004,17.984342110325187,50.2636312333833
42,7,247,9,4,11,74.34982700567379,24.157989295543448,31.213399656365073,116.56832602072019,57.04833311554765,24.417521576522873,53.05735913195559,67.539819049871,14.947565130455768,50.1789154525487
43,7,247,9,4,12,76.16370070821634,24.340552130057716,28.04655720361486,114.54194850621549,55.016687312159846,26.143282278478985,51.23919541807094,67.71828171638003,15.105781438063676,47.31280150613389
44,7,247,9,4,13,70.5007645187351,27.38999637300229,28.070673781348024,110.70146042065157,51.74487635768874,25.81779155390464,52.43260690070301,69.47014749776945,19.143113396122647,48.529908436239026
45,7,247,9,4,14,75.98797431124217,24.99836058172758,27.419545849861404,106.50854765804195,51.3367722528737,25.270752320673456,49.540059784625264,76.96383972988575,18.221168378647228,49.05308598404797
46,7,247,9,4,15,82.33712424802748,25.082320118234282,30.641459358725676,115.33691232249471,55.639280363541175,24.61354798618922,51.66673053912955,69.91074650934453,18.517382103106026,49.24590411850996
47,7,247,9,4,16,76.01859435735172,24.03324696895728,28.546557203614867,115.70681583257267,53.09029928349984,25.97178993670712,52.54930658703469,45.15398939124473,17.02405154078251,52.30959476592289
48,7,247,9,4,17,74.83889491174648,21.489502366730786,29.229699270482367,111.09905048528708,49.77779744015224,24.897049340715544,54.46612011555458,71.41361372819753,19.0865515407825,51.51644443879307
49,7,247,9,4,18,77.56878090806316,24.198426158458478,26.47416165503343,103.13118057275695,43.31718923455987,25.342235644416952,56.170533805374404,70.33018191297809,18.839962748267315,52.82556708133673
50,7,247,9,4,19,73.80234373017707,21.7669300448554,24.94443318617117,108.59505917612834,54.22883003356427,25.1099645294423,47.25623127098148,71.11064860877039,15.459879868642618,46.21827804004664
51,7,247,9,4,20,68.48797431124217,22.53116903339745,25.663266373940612,98.58982460245018,49.30160696396177,23.166574080769653,51.726249786334584,61.24955401560003,15.421258708096518,45.51642373433282
52,1,248,9,5,8,64.74128075543075,22.199356740059454,25.282994350522532,98.70681583257267,53.411132382225304,19.06985367691203,47.64861931810869,74.28287545601603,17.757883779177735,48.96639964186998
53,1,248,9,5,9,72.52940693833195,23.84286296875252,24.286331093145392,117.45249741582991,59.38446646630386,22.350080174979283,54.24798101817303,63.760380921440024,17.711084730672198,52.971450236041946
54,1,248,9,5,10,71.40036661110985,25.32954326525359,31.055985646890687,120.35871981899746,61.25450248619338,25.023058134081616,50.600066427361405,64.08280145564152,17.183060704931734,49.760230445976994
55,1,248,9,5,11,70.91502838962838,21.631822844196307,38.06051129966308,115.41608957777467,46.47244735461912,23.576412243559805,52.59381227565132,64.55120741117796,12.488473396976142,50.951468259359956
56,1,248,9,5,12,75.36676768670517,22.973297751361216,38.7749646895013,105.68207937123104,50.8082528823465,20.372187506877527,45.45305106729015,63.619049426737426,13.774051540782507,49.88090400526693
57,1,248,9,5,13,73.75628002749156,25.635979216985234,27.80416123447679,108.16305132404517,56.12002477459182,21.37009883154629,51.32413865623099,60.31685141596002,21.850971129907172,48.825379406204576
58,1,248,9,5,14,80.32206375428743,29.007643431825826,42.460258697780944,105.10133441095932,62.37965256906649,23.359273734175154,46.99708015416071,71.73631631312846,17.38382645518348,47.78798976357701
59,1,248,9,5,15,80.91502838962839,25.83169391506092,30.27136593714903,106.75997226771561,70.79024314298864,23.65029189082078,46.858391457274564,78.32952547259843,18.426937725676403,48.805297900049965
60,1,248,9,5,16,57.31174684390307,22.144156030828416,27.044951782800567,113.84330560104894,68.80002154312332,23.19260706750849,45.636729772660004,59.94780219587865,17.123757950870733,44.46413326073513
61,1,248,9,5,17,61.668780229696885,20.141077011721165,25.149539279174178,114.8338921803187,66.81436000499596,20.60374048591078,44.85350840407713,63.72562556261718,16.496054572593238,49.869561529578064
62,1,248,9,5,18,73.58864015191693,24.289825370831384,27.196429692637643,113.41125317387875,58.48808929282353,28.950806057864423,50.308703482124756,58.58608218519079,14.767024578198342,42.779261235428436
63,1,248,9,5,19,75.56553686028685,22.49389180971355,26.748241769173664,116.49416119255169,57.827800389508404,27.98602109704459,44.94648195055827,58.74090564415451,15.537488759776926,53.87593650147782
64,1,248,9,5,20,69.37801535998274,23.328286909292917,30.222494473337257,96.62298612949881,52.196602371446,23.43556883841956,50.50648051611943,53.33575476064279,15.395312708959633,46.90230248312765
65,2,249,9,6,8,57.915028389628354,20.80118198805386,23.476786723373873,103.91514916590602,50.41853801703986,19.06985367691203,47.64861931810869,55.282120051874806,17.757883779177735,47.555297900049965
66,2,249,9,6,9,59.724873026804275,23.50492227206157,30.107710818385062,119.99560355474414,56.25860587845804,21.503975701704057,52.122024127591786,63.760380921440024,16.00962886020016,51.42396134550905
67,2,249,9,6,10,70.11502838962839,21.441453903287865,28.404694915470277,115.06109229308892,59.68644422181907,21.282163985298208,52.23938436994332,64.08280145564152,21.15385965500129,50.81574028325036
68,2,249,9,6,11,70.38035167510166,27.308254165988636,29.285148566890232,120.08293831204352,56.78699406287432,26.913099929674598,55.3864315734378,64.55120741117796,22.432349745996664,51.8318468356044
69,2,249,9,6,12,70.10650776817444,22.690794383133152,28.712030095829878,101.23997440096825,59.13238749604158,26.56240652385399,52.686174770665794,63.619049426737426,21.541389559641516,50.784365656971495
70,2,249,9,6,13,71.98671101215665,27.95866255606925,30.50586864433784,104.67009004760364,54.0299708402642,27.06648626857275,53.86910692919173,64.73696927856403,21.850971129907172,51.83742574439736
71,2,249,9,6,14,66.21927697014695,28.781169033397465,28.516327683855867,104.22060355474419,58.79024314298865,24.348249087861035,55.48155528966082,69.7808077321367,17.38382645518348,50.49043168484556
72,2,249,9,6,15,63.827774131184114,25.83169391506092,27.516327683855863,106.62060355474419,56.68446646630383,25.356679694090968,54.43672977266,67.32952547259843,18.426937725676403,48.92777738564317
73,2,249,9,6,16,74.04731038115818,22.144156030828416,25.452240270147648,110.17232956442366,54.201254448746525,23.54085608904221,52.528913219932186,63.40225746264447,17.123757950870733,44.46413326073513
74,2,249,9,6,17,65.96958278070375,20.141077011721165,27.82950800401652,111.94095533965118,58.0046525690665,23.69186591319871,50.46186437144846,60.197474398803365,16.496054572593238,51.29629584556685
75,2,249,9,6,18,67.22433578525245,23.55552639040586,27.665523142354477,106.00886423796943,56.91936399345761,22.653840670415324,52.778801486895645,59.379190252405955,15.26100146741191,49.08577216133866
76,2,249,9,6,19,66.83320310441464,23.877097874842825,27.396407516815515,105.98134957186942,55.23526992494329,22.306837183542623,54.07149974360151,61.151685269266125,15.537488759776926,53.87593650147782
77,2,249,9,6,20,61.12896015754348,21.234167316578606,25.59660709921465,107.8381093581552,46.4212751880903,22.546100550355792,47.115999791908465,53.33575476064279,15.395312708959633,42.61754073471263
78,3,250,9,7,8,65.32815457252957,21.270342177392326,25.569814030361872,99.56888659184885,49.894094260778516,17.748496691597847,53.33340881897129,61.291146351533364,18.36540205437667,44.45087406804596
79,3,250,9,7,9,62.787759082509076,22.649461468208,28.863096359304315,106.90487552763895,56.71505615892688,21.503975701704057,53.67810201438636,62.28655140957929,17.80628330759408,51.42396134550905
80,3,250,9,7,10,65.46389491174646,22.270342177392326,31.24852438325986,109.38030048528708,59.68644422181907,24.776264655852348,52.61316047925376,65.27294970456252,20.28246391238396,54.29976811004496
81,3,250,9,7,11,64.64747867606201,23.246802130057716,31.003497070772454,110.90631784045848,56.78699406287432,25.910794116266427,54.002449752148124,63.26807914129485,19.09901641266334,51.226410483478226
82,3,250,9,7,12,68.4107798091098,22.86924457581588,31.972144068048657,109.95163373248141,59.13238749604158,24.9033133486747,54.271999748099724,63.259550447724834,21.541389559641516,50.92430103583993
83,3,250,9,7,13,66.0810534009909,22.91338680005919,29.9751286321863,108.3811423448902,63.84199748343095,22.91620350361478,54.663758682856205,64.2941299750829,15.791432191491545,47.3553236656005
84,3,250,9,7,14,64.02368859695645,22.849410345054505,27.703536118072723,105.44532606409642,62.91853801703985,24.348249087861035,51.036830644807274,61.2584156893686,15.975287181697624,50.8886312333833
85,3,250,9,7,15,65.03156151270922,22.169573457197824,26.987361967360776,100.79426194375624,59.0039879163427,25.356679694090968,53.29292119781278,63.931307326960024,15.249137764347735,49.623566591475665
86,3,250,9,7,16,62.42275308148033,25.666263941603578,27.959880585761674,106.31652636280656,62.37780107012906,23.54085608904221,50.9583974961256,61.80633570778548,16.538474221364858,44.46413326073513
87,3,250,9,7,17,64.40218209361312,25.107250528336895,27.141186927960554,104.49456386892744,57.14178143646882,23.69186591319871,49.25293082818512,60.23230648478072,16.496054572593238,51.29629584556685
88,3,250,9,7,18,63.44065242180013,23.754474792783228,24.423934258050778,102.38236686794926,58.36059390020114,22.653840670415324,51.64021567794378,60.36318227042912,15.795132428535007,49.08577216133866
89,3,250,9,7,19,67.30653122859123,22.67101480756253,26.715163753765495,101.95854319926977,55.23526992494329,22.306837183542623,52.33339976069474,65.72952547259843,14.086551540782505,42.08253472693997
90,3,250,9,7,20,62.422753081480344,21.972084012786727,23.820154121191052,107.8381093581552,51.82022329131621,25.749911622552858,46.31615494548639,61.48024091078772,16.389874408126374,42.61754073471263
91,4,251,9,8,8,58.56174684390308,21.51753855824127,25.850998330997133,102.66514916590602,48.98587860573077,22.525940400841822,53.33340881897129,54.34774600209432,18.36540205437667,44.62356659147567
92,4,251,9,8,9,66.9713527540292,22.649461468208,25.102642073990463,114.3711207835978,60.1654535089065,21.705872008053316,50.35576193976573,66.43336442782356,17.381237106802956,50.42250028785603
93,4,251,9,8,10,67.61060422079652,25.508121146314934,31.24852438325986,98.35535901635286,56.72138763748907,24.25471421616168,53.54019418962866,61.67452131007736,16.68957289598334,52.001502154785726
94,4,251,9,8,11,68.4107798091098,24.93000982673222,31.003497070772454,104.8206035547442,61.68446646630384,27.024902784808152,52.862137683477314,61.312031716380034,19.09901641266334,53.08641931738128
95,4,251,9,8,12,69.37801535998274,24.061418385664634,31.972144068048657,109.95163373248141,57.17586575691116,24.82041311262375,51.779054100717396,63.78157099115901,18.311666458144806,51.317401528282886
96,4,251,9,8,13,68.5705980533168,23.090552130057713,29.9751286321863,101.74253011828696,61.40743034684428,24.897049340715544,49.60514105723913,62.656921779949656,17.203540657935466,52.164565747826046
97,4,251,9,8,14,67.23797431124217,26.69010223148904,26.91632768385586,105.44532606409642,61.284466466303826,24.348249087861035,54.83672977266,60.53526830131431,15.975287181697624,54.40246878723837
98,4,251,9,8,15,79.0019022067272,24.699356740059457,22.548878531277477,100.79426194375624,62.93404928349983,25.356679694090968,59.540059784625264,61.999500497472035,15.249137764347735,53.460165452548694
99,4,251,9,8,16,75.71502838962839,25.666263941603578,25.379215794866823,102.9984165209454,61.42737160221523,23.54085608904221,52.32615193981007,61.80633570778548,16.538474221364858,46.04904683308781
100,4,251,9,8,17,79.40218209361313,25.107250528336895,26.72969927048236,103.84330560104894,57.827800389508404,20.954649192490482,49.25293082818512,60.23230648478072,15.232384874115843,44.755336548375816
101,4,251,9,8,18,69.05699708667977,23.754474792783228,27.486014514167458,106.29964781969366,62.381068421195124,22.46865548523014,51.64021567794378,60.92546342358521,15.34740804209807,45.45410341189404
102,4,251,9,8,19,70.14036994393811,20.799929338237774,24.00469491547027,101.95854319926977,55.53915197790593,22.763491854703613,52.33339976069474,62.68698711794003,16.447978162427848,46.87801889743823
103,4,251,9,8,20,67.10341351056975,20.590552130057706,24.796557203614867,103.21308297901427,48.20263461976455,25.749911622552858,50.138958084057016,61.48024091078772,16.389874408126374,39.56790085569389
104,5,252,9,9,8,68.11274121474983,20.61622830962543,25.00510316898942,97.78102521659757,52.557876238146044,22.525940400841822,50.8765083628176,54.34774600209432,14.867230234495407,47.81582541384478
105,5,252,9,9,9,66.9713527540292,21.989786086548886,25.102642073990463,108.87223333251102,55.0737335504701,23.958465366497624,50.67907385249513,61.31978568092753,16.742801540782505,50.42250028785603
106,5,252,9,9,10,65.93590723065722,24.345291203025663,30.552376854066743,110.50831133819916,60.623067697161304,24.25471421616168,56.72673973676421,61.98097272890669,17.655340199857186,52.001502154785726
107,5,252,9,9,11,69.73968454099489,24.417595355923105,31.003497070772454,101.70054868613107,61.68446646630384,23.231584657352904,53.91673124882359,63.283987562149,17.884630332322867,53.08641931738128
108,5,252,9,9,12,68.9950938055543,24.347286602170055,31.972144068048657,109.67807840662985,57.17586575691116,24.498259327113296,56.37506706608603,62.51926034298318,16.400514561930585,51.317401528282886
109,5,252,9,9,13,69.0761876371043,23.019831838578366,29.9751286321863,100.26812349722869,61.40743034684428,23.65614648382349,56.54173190782519,67.74951437254225,17.203540657935466,52.164565747826046
110,5,252,9,9,14,69.48209298985384,24.128724085280954,26.91632768385586,110.31395868971553,61.284466466303826,27.245280356303848,54.83672977266,67.77036504971336,15.857384874115839,54.40246878723837
111,5,252,9,9,15,59.54533911527659,26.379922272061556,25.660511299663067,115.71308297901427,62.93404928349983,24.866147924048555,59.540059784625264,63.695937988588604,16.572815899867386,53.460165452548694
112,5,252,9,9,16,68.92352555066554,26.098784141881136,28.188776619092174,112.77179222136405,61.42737160221523,21.94241250632733,54.630069748729476,58.26947552234563,17.141286274688852,49.253085984047964
113,5,252,9,9,17,68.19569764487072,25.397774470400556,28.280081803414046,108.6139838454517,57.827800389508404,21.098473563776277,53.77090153999906,51.34567355526156,16.823240278871673,44.755336548375816
114,5,252,9,9,18,69.728269656103,24.616460171670003,26.511676988508324,99.64870699513351,62.381068421195124,23.062400984526814,55.33608846844228,58.21247733550521,15.9398403664328,45.45410341189404
115,5,252,9,9,19,68.34966921894063,24.487065129204424,24.00469491547027,111.80706827081612,55.53915197790593,25.421345244121277,56.259867418311146,63.58284770587558,15.139270524009891,48.453085984047966
116,5,252,9,9,20,65.15002580875307,22.15616903339746,25.39645287645168,103.21308297901427,54.29631923573316,21.65900253164376,50.138958084057016,60.94954212268269,14.080141575022116,39.56790085569389
117,6,253,9,10,8,56.119666515166486,20.61867366006046,25.024964689501296,107.97200338547066,53.46139663457508,20.114962917144226,50.8765083628176,61.351790253240026,17.904526121467132,43.049768110044965
118,6,253,9,10,9,66.25856428256428,21.07742874938976,27.403147363695204,112.5114117399632,58.788911254839824,23.958465366497624,50.67907385249513,61.816555393721,17.66886999631236,43.75272292710115
119,6,253,9,10,10,67.68819625813374,15.238010769136373,33.38798793033988,96.70840035293604,62.69593178686299,24.25471421616168,53.450684941448344,52.4459379885886,17.655340199857186,44.54593979388766
120,6,253,9,10,11,69.26137282228949,23.54622432598293,32.82950800401654,109.6206035547442,61.832120175573166,23.231584657352904,51.94005978462526,55.306625515238885,17.20823604125127,50.127777385643164
121,6,253,9,10,12,65.10650776817442,27.86380972154419,31.655313227215167,108.59337862490362,60.993438067531685,22.800835911859394,52.76093454850572,59.78907934010949,16.400514561930585,49.486714549612145
122,6,253,9,10,13,67.31502838962838,29.661418385664643,30.7461746706832,100.26812349722869,57.600020645493174,22.824902784808145,53.910564559999024,64.26798664082669,17.387835045313896,50.09419967171413
123,6,253,9,10,14,66.95049187832521,24.686498505245034,27.65701624313288,117.19630821167847,55.53915197790593,23.062400984526814,56.021804113723114,63.97777222578786,15.857384874115839,49.05193194091648
124,6,253,9,10,15,66.47841351056975,31.149935226717968,24.746721146299876,105.62060355474418,55.990243142988646,22.691310047466388,52.43672977266,57.399500497472026,16.572815899867386,48.25308598404797
125,6,253,9,10,16,64.29533911527659,26.098784141881136,27.719192742539857,104.42060355474419,57.93045632573202,22.94821915773899,54.630069748729476,64.86495235358157,17.141286274688852,49.253085984047964
126,6,253,9,10,17,64.05699708667977,25.397774470400556,26.996834210220573,103.46603754719327,54.989836607279834,22.9223132256636,53.77090153999906,68.40463415675865,16.693801738318726,48.32027498466151
127,6,253,9,10,18,63.54533911527659,24.616460171670003,30.575639124578835,102.10781781286761,56.51797095155676,22.02334636075763,51.84810271242879,65.2253230620697,14.767024578198342,47.42198174375034
128,6,253,9,10,19,64.41927697014697,25.365069076428938,28.372140900767143,111.80706827081612,61.0575390094304,23.40524153015455,52.322033859761966,67.3671695931718,14.069379965469889,48.203796802471466
129,6,253,9,10,20,65.3949805856825,21.719515816278616,25.39645287645168,111.6909069223748,52.99101331044307,24.407363120738214,55.88469203157085,65.45141877148619,15.60014645691943,46.16898104158689
130,7,254,9,11,8,53.34278930623664,22.061215101995057,26.66051129966307,108.68957337700698,55.27779928349984,22.672273193137908,50.8765083628176,58.24141181186584,17.904526121467132,40.72777738564318
131,7,254,9,11,9,66.16654573981359,22.715620850293416,30.42155720361488,120.64946883636016,59.18141839496916,20.92959636075764,52.03913256010773,71.2320354043312,18.206634373635197,49.89430759912134
132,7,254,9,11,10,69.12667275292274,26.251555247439313,33.38798793033988,117.62240540842258,60.36264378001442,22.46865548523014,53.450684941448344,66.42712221781687,17.655340199857186,44.72777738564318
133,7,254,9,11,11,73.61715854499187,25.182415794733362,28.116327683855864,113.06312870285855,61.832120175573166,27.692030614156458,51.94005978462526,67.23283383080536,20.024942338589266,47.08619072597033
134,7,254,9,11,12,75.94818890185067,23.5433080541765,29.292259273127698,110.68956970507696,60.993438067531685,29.170862956066625,52.76093454850572,68.10976155980474,19.499001621876328,44.25308598404797
135,7,254,9,11,13,72.21200578194328,25.54775849744483,27.504890536948206,114.02769107942991,59.42471276816576,28.850448376442753,53.910564559999024,66.96477480648225,18.961018321581207,49.05055808004569
136,7,254,9,11,14,72.17564984092482,29.840552130057716,29.41359923876421,113.20681583257267,60.20678602498766,26.47178993670712,56.021804113723114,53.18957542285123,18.292321643501335,51.05429248368543
137,7,254,9,11,15,73.48997805338021,24.990158468810122,31.466172316605956,105.24729676253538,57.884466466303834,23.76755209135712,52.43672977266,54.23386769274503,17.558540559566385,51.64666165041922
138,7,254,9,11,16,73.31502838962838,23.029922272061558,33.860511299663074,111.94288803340788,57.68446646630383,25.82490278480815,53.78211515451417,64.73992833903695,18.55770556132627,48.93310738927458
139,7,254,9,11,17,72.20410231650449,22.824376259193993,30.935338369198984,110.90508400710341,52.40001905737832,28.80561670335535,48.57581796426794,68.09774600209433,18.93814073820783,50.90691096718782
140,7,254,9,11,18,72.5453391152766,23.29550822123985,29.616327683855854,108.48368735213579,57.11524672805911,23.52334636075763,55.377514477134675,68.05830933563298,18.19232164350134,50.609567484751715
141,7,254,9,11,19,70.87145560916987,21.790402163868144,28.372140900767143,104.20919302605053,62.82147682149501,19.833240747436324,52.09488771442196,65.92196165719452,17.56411585095366,48.203796802471466
142,7,254,9,11,20,67.69276238243131,21.719515816278616,25.99627805796203,109.35854319926977,54.88891006375369,25.872493330085543,51.33339976069474,60.472466720410836,17.14138533844721,42.50280544004361
143,1,255,9,12,8,53.52352555066554,21.4895023667308,26.162841337349864,107.97405048528705,54.10141125483984,20.814048800797522,51.94848782459524,69.0587011651853,15.092321643501341,46.17476811004497
144,1,255,9,12,9,67.56995070821633,22.621802130057716,28.9026637537655,112.24668315892988,61.33466643094568,22.000648568412775,53.28913256010773,65.22603568092752,18.410470354981772,51.39973912380057
145,1,255,9,12,10,69.72826965610298,23.575387394133923,31.06271382637264,107.54780901155685,64.6647277422869,24.135322151896812,52.747935636654525,60.305116178331886,17.87532423740054,50.083733041523665
146,1,255,9,12,11,68.36769933499244,25.674916720065962,31.37463680413129,110.46958988421814,64.61351467522269,23.332886141421167,55.93339976069474,64.83571170008004,14.565663698298742,49.80896084694202
147,1,255,9,12,12,69.71200578194328,26.215552130057713,29.79655720361487,116.62348249923934,58.43335397882651,27.023346360757643,55.981249758764854,64.79114635153336,19.772741012539196,50.680297900049965
148,1,255,9,12,13,66.63538350465492,26.730644151734,30.387650070884018,122.1047953695252,61.004135616948,28.273346360757643,61.73339976069474,68.25664335461488,18.497609959714868,48.29700321504247
149,1,255,9,12,14,65.48474588024588,25.42723924598578,31.270503766711723,123.84410530785316,60.60425377743222,24.799683005155316,54.19600653847155,67.26736656001717,19.40884611838099,52.20221720597477
150,1,255,9,12,15,66.99027159963747,25.399326108633712,29.701045870568432,124.79465835896733,63.03628049084615,27.54307953586344,55.2465935131875,68.19463463168002,21.451477657888102,53.396530933390444
151,1,255,9,12,16,68.26975650468619,23.224923961799345,29.57032056029378,110.38972086877149,65.06076092744517,22.23904589983316,57.77306008695554,65.94508208950612,17.1948274267674,51.58641931738128
152,1,255,9,12,17,65.48571181296181,21.31421168767767,29.51242710066116,106.78152719499447,61.64693499038799,23.45377067510347,53.392916453001256,63.71380999759241,17.884630332322867,51.475009499405104
153,1,255,9,12,18,66.7864879058629,19.27493522671796,35.24463520382264,109.3374774260465,61.52339347952535,21.231824750164854,54.40357869546815,61.21000052365476,15.31168431711334,50.549768110044965
154,1,255,9,12,19,62.588174696614345,23.755092005580927,26.499649328126758,104.73555325851551,62.35558308287981,24.922827552740806,52.186174770665794,56.007854643410695,15.778550043852155,45.466421449702715
155,1,255,9,12,20,56.557644911746465,27.333908468810122,29.10304429001771,93.13569850621549,56.92462775257125,26.167315235079435,50.383990847079886,52.20923431227357,14.878775431495807,41.49043168484557
156,2,256,9,13,8,62.827774131184114,25.87551658482419,26.91632768385586,109.68957337700698,57.28446646630384,23.861867774259334,45.66326017985417,54.9459379885886,15.234389169181046,45.30450793004924
157,2,256,9,13,9,68.29488216579392,24.27049679066067,29.67356855736834,120.14188653499319,61.33466643094568,22.000648568412775,53.39109590073482,65.22603568092752,16.752970653030005,48.58723912380057
158,2,256,9,13,10,74.50072204547206,25.416965960062953,32.93717043337839,126.47979536952516,60.90619424964725,24.15900253164376,52.747935636654525,60.305116178331886,21.46417431474561,50.00280544004361
159,2,256,9,13,11,76.79533911527662,26.924916720065962,30.213223870281535,103.57032606409642,61.77703427548673,26.666203503614785,55.93339976069474,64.83571170008004,24.413474908355447,51.93029790004996
160,2,256,9,13,12,74.91829652848884,29.583586581591746,30.804694915470282,132.46013769160555,55.696019819673445,28.100868062315524,55.981249758764854,64.79114635153336,23.354301343246284,50.853085984047965
161,2,256,9,13,13,74.82479611954612,26.937883795618262,30.981954907095435,138.7227810692076,59.39024314298864,26.913099929674587,61.73339976069474,65.06432918735706,17.617534931181858,52.60716692893551
162,2,256,9,13,14,74.2149046104046,29.761811846050023,31.270503766711723,138.9243843378516,59.54116420457497,27.830276130197262,54.19600653847155,65.14950049747202,16.875012594827595,49.50308598404798
163,2,256,9,13,15,73.53736260852709,24.101779881538484,31.27912547108485,110.3901090049939,60.5046525690665,26.619109446786457,55.2465935131875,66.95343800729056,16.133826455183478,49.49359813337773
164,2,256,9,13,16,72.99482123919624,25.787402840076947,24.150315080630637,106.54302811040118,68.77473257725778,25.19260706750849,57.77306008695554,63.89950049747203,15.524051540782512,50.50308598404798
165,2,256,9,13,17,74.36576702743369,22.608268560051297,31.86051503253058,103.29014916590602,60.957958136548406,25.023058134081616,53.392916453001256,62.3536983830467,16.631068340603214,49.299768110044965
166,2,256,9,13,18,72.43072966545792,23.877097874842825,35.24463520382264,109.737546955728,63.63652956511983,25.672475096310983,54.40357869546815,62.890815704048734,15.31168431711334,47.747584114829536
167,2,256,9,13,19,72.70267289337481,25.787402840076947,31.39540960481983,118.27575444343017,62.35558308287981,23.33779189082078,57.41674970086842,62.91082707426841,18.36540205437668,54.066357480059956
168,2,256,9,13,20,60.6823631860697,20.330367193097,25.56029789441442,96.51931583257269,52.956586927679844,22.953029520793717,49.60514105723913,66.72952547259844,14.546715753126197,47.33723912380057
169,3,257,9,14,8,60.75072204547202,19.13604633782907,21.763606403213213,99.40605851784237,43.79261094414209,23.355567962626317,48.06256227565132,60.8050699280978,15.860057267536124,41.04423832003997
170,3,257,9,14,9,65.79512916551431,22.336463723136113,26.26569969601525,110.91423077361172,51.19949187267033,25.79829301755628,53.39109590073482,61.47069756980618,15.53995558447257,48.58723912380057
171,3,257,9,14,10,66.93732471618762,24.641860263285388,32.23648069702854,113.37060355474418,59.02907994518138,20.153131727233692,52.626601641351854,60.547903707230994,21.46417431474561,46.08149103359286
172,3,257,9,14,11,70.08169505629506,26.040027248394253,24.85469927048236,113.17807840662985,62.13928036354117,23.50972768535072,57.81256227565132,63.812031716380034,20.721168378647224,52.04976811004498
173,3,257,9,14,12,69.695064945587,23.956693915060914,32.765307203614874,105.92663893438227,64.37061009522807,25.645729174199193,45.35422894231798,65.06203171638002,24.82750151057108,49.54700321504247
174,3,257,9,14,13,67.04701834176834,23.82097081269637,43.99659970727395,106.44274058394124,66.006152100215,21.50748738012862,53.75006555331718,63.74950706987371,17.617534931181858,50.578703273731556
175,3,257,9,14,14,68.14508017723641,22.537055196531703,27.53766616839164,102.32032606409642,65.87383016930269,20.607976714133056,55.56256227565132,63.81203171638003,16.27405154078251,48.674768110044965
176,3,257,9,14,15,65.89975449041752,22.849410345054505,31.27912547108485,103.57032606409642,66.3609394738095,19.480382674048872,56.28826017985417,63.74947968486669,16.506423820070747,48.805297900049965
177,3,257,9,14,16,67.53471766398015,25.337821736838738,24.976786723373873,99.79302811040115,64.23371484370563,25.62645920885865,55.25007581383638,65.06844879048832,15.524051540782512,51.97839458245276
178,3,257,9,14,17,66.99482123919621,22.608268560051297,24.738415136747374,104.49225345600128,62.872913112934214,25.859273734175144,52.4405355006203,64.52631743066574,20.164276626381533,50.225969628614244
179,3,257,9,14,18,65.66502838962836,23.9192924140654,30.272862342725237,111.7843912769157,60.7151740375077,23.57490278480814,53.31256227565132,61.724562935288034,16.929958757010244,49.73544926862281
180,3,257,9,14,19,65.04772538450167,22.490158468810122,25.091837645149358,95.22679228006119,62.35558308287981,26.077206695534347,51.51760504274515,60.476113728197525,18.214897349267687,54.066357480059956
181,3,257,9,14,20,61.67564984092481,23.1692924140654,26.815504829848894,96.51931583257269,56.00224562044783,22.60767481448978,45.50274977806367,59.704888859237165,15.34740804209807,44.478339538616396
182,4,258,9,15,8,62.77989134080799,18.02493522671796,22.596939736546545,105.25853752446882,52.72931420040712,23.355567962626317,47.23672977266,58.39724479869457,17.85134812920834,41.04423832003997
183,4,258,9,15,9,65.79512916551431,25.787402840076947,31.39540960481983,103.73997440096825,59.65279928349984,23.91275074245153,54.13218875444223,61.66947552234563,15.53995558447257,51.51768709851227
184,4,258,9,15,10,70.75286779320871,24.23288093945224,32.23648069702854,107.6973582787847,58.15814083298445,24.12386516877448,52.626601641351854,60.441875430504645,20.750015113793115,46.08149103359286
185,4,258,9,15,11,71.90393138665013,24.30118198805386,24.85469927048236,113.17807840662985,53.43335397882652,23.42801563290916,57.81256227565132,51.31203171638003,20.925493121850142,52.04976811004498
186,4,258,9,15,12,71.7072565046862,22.687436634832785,32.765307203614874,96.7015789848458,55.01451070622595,20.607976714133056,45.35422894231798,63.68432111179481,17.637975788778704,49.54700321504247
187,4,258,9,15,13,73.16599719458053,22.435113214871812,43.99659970727395,106.44274058394124,60.60280186418649,17.81077211858591,53.75006555331718,62.69687549092634,19.277201558492646,50.578703273731556
188,4,258,9,15,14,78.15812945287945,22.751363832369844,26.758770303916116,102.32032606409642,56.83212017557317,25.246433263007923,55.56256227565132,57.221759719881504,16.27405154078251,48.674768110044965
189,4,258,9,15,15,74.34008746607608,24.471785936737202,26.613415136747378,103.57032606409642,58.59672820954059,26.5723382335997,56.28826017985417,64.22681863406548,16.506423820070747,47.730078167316336
190,4,258,9,15,16,71.84954379871687,21.80118198805386,24.976786723373873,99.79302811040115,56.14890815801586,25.713858179160898,55.25007581383638,57.98165227430288,15.381194397925364,46.846450236041974
191,4,258,9,15,17,79.50367244860995,23.945757764504286,24.738415136747374,104.49225345600128,58.01668731215985,24.480014211735615,50.63431922840497,63.187031716380034,15.530316770114954,43.29700321504248
192,4,258,9,15,18,77.2506722492326,23.5811640508373,28.936098164096855,111.7843912769157,58.14784763007983,24.36736890004186,51.744318728274955,62.9391599759421,15.677271172990444,48.569869725564786
193,4,258,9,15,19,71.64906575925808,21.24015846881012,26.246413753765495,95.22679228006119,55.894094260778516,24.44702190846937,52.144297835316806,62.95141877148618,16.226937725676407,48.17684178129683
194,4,258,9,15,20,72.72841351056975,22.51476480756253,28.186098164096848,118.27575444343024,53.91113419854434,27.221789936707125,48.3715935131875,61.885852781505484,14.467159788516815,46.73611066550361
195,5,259,9,16,8,67.08490994032123,19.75721879672437,25.435155823086323,103.019938923946,47.60002064549318,23.931729804371034,47.23672977266,62.596250521543254,12.103376283985426,44.05253300504747
196,5,259,9,16,9,72.39378548703546,25.787402840076947,31.39540960481983,103.73997440096825,60.27291311293422,21.618992593224206,50.22762478140385,62.95141877148618,15.53995558447257,51.51768709851227
197,5,259,9,16,10,69.9128496303881,24.55977193460609,32.53193001663472,107.6973582787847,58.15814083298445,26.21744992696977,57.83877396196265,62.72171346964743,20.750015113793115,49.97999498375254
198,5,259,9,16,11,71.47841351056975,23.74836058172758,29.976786723373873,104.29302811040115,53.43335397882652,23.42801563290916,57.81256227565132,64.79114635153336,16.414276626381533,50.11374909810899
199,5,259,9,16,12,70.88551134480167,23.090552130057713,28.01084291790059,113.33694741847151,55.01451070622595,20.607976714133056,45.35422894231798,64.9459379885886,17.637975788778704,50.851190056046235
200,5,259,9,16,13,70.91502838962838,22.59842615845848,29.021365937149028,111.55163893438227,59.6152278592672,17.81077211858591,53.75006555331718,64.64536504971336,17.94071820744917,49.2608663383808
201,5,259,9,16,14,72.61658282732608,23.362418595740156,26.758770303916116,109.34944661537791,53.960204683706515,24.75415641541788,55.56256227565132,64.61312550877821,18.358530185581674,50.145201574594516
202,5,259,9,16,15,71.1703391152766,23.54002724839425,24.85469927048236,105.50997226771561,57.085204683706515,25.981679694090968,56.28826017985417,64.43703171638003,18.7599601791823,49.05253300504747
203,5,259,9,16,16,70.80940288267074,22.224410345054498,24.976786723373873,117.39523563412376,63.64890815801586,24.203029520793717,53.94172479060789,57.98165227430288,15.381194397925364,46.11882677147139
204,5,259,9,16,17,72.60270391931105,23.492914499267712,27.679316737550682,121.11686197992671,59.05434239779541,24.547453962573627,50.63431922840497,63.187031716380034,13.716566557202182,48.793947483527795
205,5,259,9,16,18,73.03775236435058,23.674541717638725,28.82480074681629,110.01222686424627,60.25224562044783,26.251326553507862,56.26495509006109,62.916146351533364,15.580943293048202,49.22196456671663
206,5,259,9,16,19,70.99556106216819,22.465552130057716,24.288953172752947,105.89431583257269,56.05386521122447,22.524319125789212,53.138085703803455,60.61857190235432,16.456058903751437,48.09205796466381
207,5,259,9,16,20,62.42275308148033,22.51476480756253,25.977520303916116,106.77107181735201,52.22641125483983,20.11612359572607,49.93188611889234,61.2040345996873,15.281078503366674,46.73611066550361
208,6,260,9,17,8,67.08490994032123,21.011957869692328,25.58144486318653,112.45201759174743,50.8082528823465,19.957198502107808,50.28015948125512,62.596250521543254,17.99414088619954,48.97012130338161
209,6,260,9,17,9,54.323525550665536,21.698234658438697,24.937190792706367,108.2880927769809,60.27291311293422,19.02274773612282,52.72122091223988,62.95141877148618,16.0371016141531,52.05687784005138
210,6,260,9,17,10,71.5701080185171,23.731409511168113,30.292896003570245,108.41503243507827,63.30843669412833,26.21744992696977,60.10561644730351,62.72171346964743,17.307705225464204,49.97999498375254
211,6,260,9,17,11,69.26575556977168,25.54991224265016,31.104699270482367,111.4017101923989,69.05725991127258,28.438716007382215,58.644007331013555,64.79114635153336,16.414276626381533,49.67753300504747
212,6,260,9,17,12,68.34359981819982,25.848144885769262,28.01084291790059,111.43341758654819,64.52938670797697,28.97817633461578,57.79173190782519,65.29953617622404,20.695070391019332,49.08785230576139
213,6,260,9,17,13,68.66421135491328,24.245181562819653,29.021365937149028,109.50920517019902,59.6152278592672,28.44562774816593,48.23006974872948,64.64536504971336,17.94071820744917,51.01258267696919
214,6,260,9,17,14,67.86764267121083,22.91198070148629,26.959562670236913,113.36983257506607,53.960204683706515,26.980014211735604,58.73339976069474,65.24060314495146,18.358530185581674,49.91792884732178
215,6,260,9,17,15,66.98838899016485,22.121912401435033,30.0630326038157,110.50997226771561,57.085204683706515,28.107976714133063,62.12506227565132,64.43703171638003,18.7599601791823,51.15607662211651
216,6,260,9,17,16,66.13087310328439,23.29724508863189,30.957970137464617,114.23636095151163,63.64890815801586,25.071335985531558,59.56179605255946,63.66885130793552,17.279788488448716,48.291813198143785
217,6,260,9,17,17,63.42777413118412,24.06025427310035,30.28316445615551,115.31475367065977,59.05434239779541,23.67788874518232,55.540059784625264,61.92952547259843,16.32944508603392,46.307031290476495
218,6,260,9,17,18,63.725841446939256,22.257218796724374,28.765699696015254,109.37773154514409,60.25224562044783,22.50126887726839,54.55309824010447,64.61312550877821,15.580943293048202,50.96786052700605
219,6,260,9,17,19,59.237716278057185,25.787402840076947,31.39540960481983,118.27575444343017,61.927295249628926,26.031128481010175,57.41674970086842,65.01465958084366,18.36540205437668,54.066357480059956
220,6,260,9,17,20,61.88263338228555,25.78740284007695,26.788953172752947,105.59673418725403,53.40279928349984,25.065132856354907,52.32615193981007,53.518798507427725,17.074716885890645,48.182366723525185
221,7,261,9,18,8,49.2505907644771,22.919292414065417,24.796557203614874,98.14255984779334,57.19335604337584,21.02293677548118,50.28015948125512,56.57761769274503,17.99414088619954,48.97012130338161
222,7,261,9,18,9,67.8107798091098,23.35857163391128,24.931648803827517,117.38717683674865,61.93278611928599,22.319752866714275,52.72122091223988,67.97384666407389,18.059678556042993,45.09043168484557
223,7,261,9,18,10,71.33523554006052,21.051181988053866,30.292896003570245,117.67807840662985,61.30594703020783,24.320507337081995,57.42315357003239,67.34118797674404,17.307705225464204,54.11754073471262
224,7,261,9,18,11,74.2047889425032,22.741590116424266,31.104699270482367,115.0051398645208,69.05725991127258,27.452288366483952,56.89136933111442,68.14346638018185,23.15560761695202,53.93308036247327
225,7,261,9,18,12,77.66856887339388,30.261530802917612,28.01084291790059,115.96666420555233,64.52938670797697,27.774458092222297,57.434589050682334,69.41022370287432,18.653858610269054,54.623566591475665
226,7,261,9,18,13,77.00367244860995,25.06397748506733,29.021365937149028,112.90442649494634,56.8596708549051,28.65038195030309,54.83686437144846,68.26875047833849,18.289276626381536,53.51258267696919
227,7,261,9,18,14,76.61077980910981,26.10851480756253,26.959562670236913,111.93418315892988,54.7078393206517,25.589578811225355,56.83672977266,66.72952547259844,17.88847339697614,54.17269443879308
228,7,261,9,18,15,81.27262072179377,31.982133063139088,33.90433778813757,115.53041705046289,56.01820434053802,27.839025855600518,56.660326669965585,65.13408706463387,18.358001580289745,51.168981041586875
229,7,261,9,18,16,81.55764491174646,34.491002028626404,33.03420065346426,111.20681583257269,59.80240159787413,27.174665002342014,56.36316047925376,64.9875897891086,16.95013272658323,52.18098912380057
230,7,261,9,18,17,79.15138801102931,23.364502366730786,31.74423360377204,114.08537304268454,59.14446853085315,26.641724099316313,56.80562475072369,60.99956564997567,18.933957861550006,51.40264313570171
231,7,261,9,18,18,79.15723610640917,21.789825370831377,30.0249646895013,110.1458016658475,56.6958072726288,28.983088948391675,56.08340359304251,66.74937562184003,18.35800158028975,51.938211810817656
232,7,261,9,18,19,74.00400630757449,24.345291203025663,28.868971494852588,111.77107181735201,61.927295249628926,29.135322151896816,55.85611344600718,66.74937562184003,18.1125498220847,54.066357480059956
233,7,261,9,18,20,77.10120070821634,24.230644151733994,26.290020303916116,123.43319912964105,58.93613519751981,24.523346360757632,53.68235913195559,63.866699704562535,17.367801540782505,47.00810144337831
234,1,262,9,19,8,62.723525550665535,23.29215427041382,27.62463680413129,102.62060355474419,51.601796496358254,18.593663200721554,43.74609501018546,70.50825467487175,18.365402054376673,52.868773608313056
235,1,262,9,19,9,68.57461408876408,22.27034217739233,32.84888678287934,108.84474507329652,54.49885069264827,25.726978016875496,52.69305237967867,65.2746045604987,18.097180677369828,48.25308598404796
236,1,262,9,19,10,71.41502838962838,24.489502366730797,30.112575177925034,117.64173745437924,61.5511331329705,26.94499953814368,56.30467214560617,66.52981109599519,19.913474908355447,53.11803022585478
237,1,262,9,19,11,70.75367244860995,27.53116903339746,34.440450653464254,107.92556583257269,63.00465256906649,20.453029520793713,47.88048893534897,68.05158903395669,23.25422035498177,55.92753300504746
238,1,262,9,19,12,70.85341351056975,25.590552130057706,33.81141452208877,122.73699273076308,58.96020468370653,27.360570754217246,60.04173837802273,64.5078546434107,20.1460236678947,53.388631233383286
239,1,262,9,19,13,69.60341351056975,22.811567573848826,28.632886064257452,122.4568158325727,62.18335397882651,24.097132208155696,53.729948048934666,67.56203171638002,18.913183374527776,54.292695060651454
240,1,262,9,19,14,69.91687559854951,23.299213538342887,29.79074455228959,118.21580782529323,60.321760673558096,24.23476010740135,61.540059784625264,65.9342939649183,18.57442760540885,52.59773619641086
241,1,262,9,19,15,69.69024824959607,26.314147080061034,29.55498003140883,125.89947067557887,58.480213582998104,24.712196486248754,56.225870736156196,67.16258198136003,18.068575520816527,51.1560766221165
242,1,262,9,19,16,66.88263338228555,31.603675510725672,27.804161234476794,118.86047144834936,62.80594703020783,25.21625267770014,57.99469329750255,63.82565260649742,17.341149255218557,46.52442259482432
243,1,262,9,19,17,70.0112289678227,35.79800218467459,28.54440782614949,112.38497226771561,68.15814083298446,23.062400984526814,52.64589560898465,61.7286983830467,15.021379147362227,46.0053365483758
244,1,262,9,19,18,65.45226002552788,27.940102231489032,28.329508004016528,113.88538726114412,62.670802283614655,24.381600949365147,54.35284143733246,61.070982587028595,16.491856288562023,48.22833953861639
245,1,262,9,19,19,65.72391054384804,22.383795747156352,30.0249646895013,113.64523563412376,64.08968080130188,27.916203503614785,55.47030333639662,61.73165227430288,14.678394591100352,46.01258267696919
246,1,262,9,19,20,61.21494453918647,24.03324696895729,27.11421738598076,112.1578664866373,58.11771892245316,18.71595335718055,47.43339976069474,61.54581066883855,15.391749517732599,46.681241003009596
247,2,263,9,20,8,58.47190366260557,22.23514777824477,26.59624422212531,116.54379909007929,52.04749601858894,20.114962917144226,47.23672977266,60.81772772497457,18.365402054376673,42.202338158505356
248,2,263,9,20,9,70.24836172296173,21.9107620827231,27.52330037686788,114.73555325851551,57.384466466303834,22.685267131758575,57.41674970086842,62.399500497472026,17.863260781019758,48.25308598404796
249,2,263,9,20,10,74.23127903484722,22.629922272061552,33.16284133734987,111.7843912769157,61.5511331329705,30.47296396769775,56.30467214560617,62.28287545601602,19.355781438063673,50.59645023604198
250,2,263,9,20,11,73.4905032282175,28.15639516005573,30.954508004016528,106.6824428728288,63.00465256906649,23.898346360757632,47.88048893534897,68.05158903395669,26.52931565529873,52.81582541384478
251,2,263,9,20,12,73.50190220672721,27.798426158458486,31.87989053694821,108.0114117399632,58.96020468370653,27.360570754217246,60.04173837802273,66.04114635153336,18.95770556132627,48.290431684845565
252,2,263,9,20,13,72.92789563448939,31.007218796724384,32.088223870281546,113.40658080386328,62.18335397882651,24.097132208155696,53.729948048934666,66.16325484641382,16.899051540782505,49.33866988170914
253,2,263,9,20,14,72.84663451857024,26.489502366730797,31.74423360377204,113.56312870285855,60.321760673558096,26.790531835441143,61.540059784625264,65.2566433546149,17.746808241688782,52.08641931738128
254,2,263,9,20,15,72.84704018494234,24.59774160006691,34.97321545004679,114.31846788277686,58.480213582998104,27.837687673294926,56.225870736156196,64.49958374789335,17.005506131489216,51.04904683308779
255,2,263,9,20,16,73.02772955775659,31.603675510725672,31.70935499084386,101.98500999925992,62.80594703020783,28.345675969781762,57.99469329750255,65.60760185554597,15.975287181697624,52.12017078972769
256,2,263,9,20,17,72.82815457252956,35.79800218467459,30.0630326038157,106.56888659184885,68.15814083298446,24.692607067508494,52.64589560898465,63.46105817064619,16.467961506542892,51.55359642620226
257,2,263,9,20,18,73.0453391152766,28.945757764504297,27.92155720361487,106.73555325851551,62.670802283614655,24.12386516877448,55.02684798993703,64.67452131007737,16.761553807851474,52.17753300504747
258,2,263,9,20,19,66.64906575925806,20.327616111478033,30.0249646895013,109.9534939735398,64.08968080130188,23.48548344693091,55.47030333639662,63.65336586295388,15.459879868642618,45.33785230576139
259,2,263,9,20,20,68.47370327727145,21.35409306066436,27.11421738598076,87.15055590568542,54.73470182287499,18.71595335718055,54.02027247346412,55.06529654355792,15.935328953580914,48.90478816489934
260,3,264,9,21,8,60.902481972419466,21.2129022939083,23.139578289157015,90.91125317387873,54.529386707976975,20.542412506327324,47.23672977266,58.45955044772482,17.88806626672036,47.771163554337114
261,3,264,9,21,9,64.91942347292347,23.065436833167134,25.116327683855864,111.36877622815717,61.61175209914651,22.22568099683341,57.41674970086842,63.74946174296555,18.001387328438813,50.18468691875995
262,3,264,9,21,10,72.0480061220576,26.07283570006412,33.16284133734987,109.5380927769809,61.22780186418649,30.17005337552569,57.69172479060789,65.48903700244337,20.760760454946176,51.90563682240054
263,3,264,9,21,11,68.6665457398136,26.003938047206073,30.954508004016528,114.55854319926976,58.582630238775494,23.898346360757632,58.49214257225564,66.58646787796178,27.462237108327027,52.302138020047096
264,3,264,9,21,12,69.80289563448937,23.57283570006412,31.87989053694821,111.06312870285853,60.201456779189506,25.19131004746639,58.03672977266,65.547903707231,13.625943459698822,53.057308732779056
265,3,264,9,21,13,66.95835962002627,19.535705504883303,32.088223870281546,105.82037390731156,57.26668731215985,24.35797671413306,55.6701977047818,65.38709415419603,16.899051540782505,51.015857398666164
266,3,264,9,21,14,60.05329577768862,27.129922272061567,31.74423360377204,101.02751302153256,58.097376781378884,22.58949421940747,54.76673309402807,67.9995242833067,17.746808241688782,51.907700937188544
267,3,264,9,21,15,69.42527177699293,24.598426158458484,34.97321545004679,109.47155182717181,61.61967929452291,23.383657645567737,52.80164265772181,61.83822628787616,17.09232164350134,51.36128873389457
268,3,264,9,21,16,67.54213514697723,27.023280853983298,31.70935499084386,98.64784491164014,62.80594703020783,22.02334636075764,54.93017716847029,57.434960198962614,16.36787894356979,51.3759365014778
269,3,264,9,21,17,65.30291191310423,24.998360581727585,30.0630326038157,103.80629153775939,68.15814083298446,22.595886663650855,54.073778627557694,49.52373030007487,16.937334855093834,48.32027498466151
270,3,264,9,21,18,67.1614879058629,19.770342177392326,26.04655720361487,107.8381093581552,62.670802283614655,22.023346360757635,54.39887476496805,63.84118797674403,16.230118729031382,48.37356659147567
271,3,264,9,21,19,67.59470615562282,20.327616111478033,22.732599374699166,105.86983257506607,64.08968080130188,25.840178762304596,53.80309069154067,63.772273179520035,16.68847339697614,45.419524059303676
272,3,264,9,21,20,68.03471766398015,19.340552130057706,27.11421738598076,118.27575444343023,46.766687312159846,25.69213542385683,54.02027247346412,50.81772772497457,14.038471796692168,45.1683910141635
273,4,265,9,22,8,61.513662172389424,22.916965960062967,24.423934258050778,97.0196224330897,49.894969514821675,23.16842696654408,47.23672977266,58.45955044772482,17.88806626672036,45.8270197564127
274,4,265,9,22,9,67.86764267121086,22.548195453856785,25.116327683855864,110.46958988421814,61.85081527940555,22.933616378977728,47.713027545119886,63.65102321720731,18.001387328438813,46.94499516290425
275,4,265,9,22,10,70.80940288267074,26.07283570006412,31.936098164096855,113.6996184713348,61.22780186418649,21.281164486636793,57.69172479060789,64.95479966235717,20.07513272658323,51.16402069719424
276,4,265,9,22,11,65.8905184458119,26.485793527016742,30.348883508434152,107.1288513035541,58.582630238775494,26.44941640700862,58.49214257225564,63.53220149250438,19.292321643501342,51.45308598404796
277,4,265,9,22,12,52.65002580875305,23.30118198805386,31.460511299663075,100.62924038822965,60.201456779189506,31.142412506327343,58.03672977266,64.69264258249821,18.19232164350134,50.346450236041974
278,4,265,9,22,13,68.79507124833849,25.031169033397457,31.25489053694821,116.45681583257269,57.26668731215985,28.58822539900753,55.6701977047818,63.39607805794761,17.553063627458165,51.174768110044965
279,4,265,9,22,14,75.0107798091098,23.490309876982266,31.662841337349864,110.03275359706257,58.097376781378884,23.83044004381513,53.30454785832693,65.05955044772483,14.867230234495407,49.92777738564317
280,4,265,9,22,15,76.61474407102634,23.33572037642309,30.177236346758907,106.75058034110019,61.61967929452291,26.07092330264469,51.41294295067105,52.863182270429114,13.483739883799238,50.083631597465754
281,4,265,9,22,16,73.38208507018992,24.98984100006206,28.38339484259664,106.72961634330083,62.01405247339776,24.702522968556607,54.84684651365959,57.434960198962614,15.9398403664328,51.182546354887045
282,4,265,9,22,17,74.91776940931778,23.298002184674576,28.87303889638601,106.55163893438227,60.85044852529215,25.19131004746639,54.359038231437246,49.52373030007487,15.634628173209562,50.11374909810898
283,4,265,9,22,18,69.822034013284,19.340552130057706,24.418651914859865,107.27824440400126,55.15954445501699,25.368901582276674,54.39887476496805,51.34567355526156,15.530316770114954,45.820274984661516
284,4,265,9,22,19,70.2107798091098,20.327616111478033,24.13323382146806,105.86983257506607,56.14446456056601,24.06128410940122,53.80309069154067,63.820893390148605,14.823089479151209,47.551044215430736
285,4,265,9,22,20,65.82218812575628,20.798426158458472,29.944067796876887,118.27575444343023,62.355583082879804,24.789425558449274,50.04930658703469,50.81772772497457,15.459879868642618,44.05127623459179
286,5,266,9,23,8,65.08877602382601,22.18325089461075,27.396105119241074,109.14306437624386,48.990243142988646,23.16842696654408,52.087192923477275,63.82089339014861,17.008850369883156,45.8270197564127
287,5,266,9,23,9,69.37635694315239,21.832499207333356,29.85169004503574,110.46958988421814,61.85081527940555,23.12645920885867,53.979956638679674,63.51805601617781,17.92736463689951,50.60470924448886
288,5,266,9,23,10,68.75962482956233,24.86674844775446,29.973215450046784,113.6996184713348,65.06510099369126,25.237632075043354,57.69172479060789,65.2591110791785,20.07513272658323,49.95394443879309
289,5,266,9,23,11,70.2953391152766,24.261811846050012,31.907016243132887,107.1288513035541,63.89601981967345,24.069853676912025,58.49214257225564,65.14950049747202,18.860591746220173,52.09043168484556
290,5,266,9,23,12,73.77673358030175,24.4608019757057,31.188111029439884,105.10487265629929,62.461974550147715,26.604744630459503,58.03672977266,64.98866893788177,20.63229865055061,51.59371453095268
291,5,266,9,23,13,78.18796040306385,19.910762082723092,32.419545849861414,106.5582726487925,59.02837337321915,27.42490278480815,55.6701977047818,71.17452131007737,17.553063627458165,49.464133260735125
292,5,266,9,23,14,72.80596056657305,19.598426158458473,30.058183941983728,102.97074363173748,63.016687312159846,20.170233512656612,53.30454785832693,66.32952547259843,14.867230234495407,52.290431684845565
293,5,266,9,23,15,70.28382521165854,20.828286909292917,29.673568557368334,104.81251415383974,66.93006154287391,26.739855537972655,51.41294295067105,67.7591110791785,13.483739883799238,49.13311824699824
294,5,266,9,23,16,64.6614879058629,20.76046495162754,27.937170433378387,103.16305132404517,55.95215686825831,28.123865168774483,54.84684651365959,64.94177937232618,15.9398403664328,50.36384094466611
295,5,266,9,23,17,73.27959597029789,23.298002184674576,28.87303889638601,111.3659649564848,59.55461211194418,24.955722588387395,54.359038231437246,62.08652217171481,16.06102238982897,47.611379116563455
296,5,266,9,23,18,66.92564984092482,23.090552130057713,24.418651914859865,110.695957159705,57.63446646630384,25.393428504451986,46.60499977842105,65.36990786802966,16.04098430578943,51.15972173205397
297,5,266,9,23,19,68.84511716838503,23.219996263093268,24.89980761761573,101.10574475018846,55.015170283781686,23.505299934524615,55.44834458002904,61.553080845731465,14.823089479151209,48.71366988170914
298,5,266,9,23,20,55.936271292221264,20.798426158458472,31.395409604819825,102.14724247387157,62.3555830828798,19.339405782506937,50.31256227565132,58.31772772497457,15.692321643501344,43.346450236041974
299,6,267,9,24,8,65.31928553002876,22.18325089461075,27.396105119241074,115.74028280968193,51.927295249628926,23.16842696654408,52.087192923477275,63.82089339014861,18.36540205437667,48.87593650147782
300,6,267,9,24,9,66.83523554006054,22.733409272914855,29.85169004503574,120.59856632628716,58.2156602897539,20.05512327004046,54.214356886458646,64.35660767586289,18.080141575022118,51.34259212576567
301,6,267,9,24,10,73.62502628669296,25.086031943766404,30.581444863186537,113.96542954649873,61.987523226179825,27.692030614156447,58.546360878453214,62.221759719881504,20.80015168752369,49.27383359560218
302,6,267,9,24,11,69.31502838962838,25.566930044855404,34.40469491547028,113.82751302153255,65.53582387927688,28.415665767747104,62.516193316801356,65.14950049747202,19.220097741968768,52.653085984047955
303,6,267,9,24,12,67.52352555066554,24.461418385664636,30.77214406804866,111.04628800685848,66.53335326691295,25.640526850046687,58.23672977266,64.98866893788177,19.038475748010622,51.290431684845565
304,6,267,9,24,13,67.42119568392955,24.06723295390535,32.41565290711278,115.22238261566956,69.30594703020783,27.160417462598776,55.981249758764854,67.24947168001849,16.830943293048204,52.47286893553221
305,6,267,9,24,14,66.12352555066555,22.883102075440846,30.604694915470276,110.95854319926977,58.99024314298864,24.29437300389284,57.533399760694735,67.69182740141542,16.95770556132627,52.25308598404796
306,6,267,9,24,15,68.67564984092482,22.538515142665563,30.623725603724417,113.03041705046289,62.09489402847983,25.634410484312756,55.22122091223988,65.39950049747202,16.497793808967568,51.55359642620226
307,6,267,9,24,16,68.44194098932331,21.438166710642548,25.881311329359885,113.1946501953625,55.95215686825831,26.177791139238607,55.600066427361405,62.01430187295532,15.855781438063671,46.74881954592115
308,6,267,9,24,17,67.24334711040746,20.960025152363922,29.80357247245574,105.47554632110466,59.55461211194418,24.547453962573627,55.45408597996915,63.65336586295388,15.692321643501337,47.611379116563455
309,6,267,9,24,18,63.523525550665546,23.090552130057713,27.473215450046784,115.88957337700698,57.63446646630384,22.583657645567737,55.636729772660004,65.72952547259843,16.64798510237991,51.15972173205397
310,6,267,9,24,19,66.71389491174648,23.219996263093268,25.688032603815696,119.33181583257267,55.15954445501699,27.777237420883907,57.02089560898465,63.187031716380034,16.328139169181046,48.148147726498024
311,6,267,9,24,20,62.69048480691899,25.78740284007694,31.395409604819825,118.27575444343024,62.3555830828798,25.49156945147482,43.944499800578946,64.18375045819793,17.479769934803866,49.526071694784186
312,7,268,9,25,8,65.12867244860993,22.398426158458477,25.6298905369482,114.87997106196411,57.29601981967345,22.635763896530587,50.08592400674482,57.162581981360034,18.36540205437667,48.87593650147782
313,7,268,9,25,9,70.2066468716763,22.103488148637386,31.484319957052215,119.24253011828696,58.2156602897539,22.653840670415324,54.41428650956424,65.3398094941578,18.0368739912688,51.34259212576567
314,7,268,9,25,10,72.15248197241947,26.280163580707224,34.51242710066116,113.96542954649873,63.99643797006435,27.692030614156447,57.52090153999906,65.12046421116132,18.42034461803715,51.79976811004496
315,7,268,9,25,11,71.68511040848138,29.932743678387848,39.94674847008071,117.21348731104277,71.66853801703985,29.218652000814675,57.73339976069474,66.93703171638002,20.775446619235055,54.89222377424188
316,7,268,9,25,12,73.16599719458053,31.536948229287006,37.75049163429143,107.26782999929786,74.32309598045524,30.255911465431303,56.96920345996686,66.41295723302464,19.511847734135902,52.572587576345136
317,7,268,9,25,13,73.8332275223369,29.547245088631893,41.63210754664416,132.93094991983804,68.27938670797697,31.3827126808298,58.684589050682334,67.9191745735229,19.90385861026905,44.89559178129683
318,7,268,9,25,14,73.1875272977196,26.807333823819746,33.87723340421736,123.12490246435867,66.04099716885982,29.71181912578922,56.263085703803455,70.42919970456252,18.981382726583234,52.09461017543534
319,7,268,9,25,15,77.26801930836022,32.05118198805387,33.796557203614874,114.70681583257267,70.14890815801584,29.126459208858655,56.81256227565132,69.31203171638003,20.274051540782505,53.20379680247146
320,7,268,9,25,16,75.78149243844072,21.777084815228136,33.387312699843335,118.50065603776542,57.74024981863709,34.24039931205101,57.543543244157895,62.01430187295532,24.151349165897827,52.31280150613388
321,7,268,9,25,17,74.91091686009428,21.687834273603,29.583690997124396,127.15508400710344,63.36351467522269,29.560172377936574,56.633990847079886,63.65336586295388,17.98078216937624,50.758910388431566
322,7,268,9,25,18,74.91829652848882,25.249915513110388,25.11632768385586,133.37431248609636,62.479509413095215,30.64572917419921,54.073778627557694,65.72952547259843,17.655340199857186,51.0484920046592
323,7,268,9,25,19,71.45345374844567,24.6692924140654,24.306123565021807,133.29302811040117,63.27529012868112,28.721789936707125,54.20705621037776,63.187031716380034,18.192321643501344,46.0053365483758
324,7,268,9,25,20,67.82777413118413,25.656169033397468,31.395409604819825,126.62060355474419,60.129652569066494,26.162619140111534,54.686174770665794,61.40942557209283,21.192321643501334,47.91975265071462
325,1,269,9,26,8,64.52639491174646,22.021408468810122,27.3401637537655,112.50565385097289,56.68404928349983,23.551973387580635,44.03672977266,69.50710274381822,15.092321643501341,46.15415814320208
326,1,269,9,26,9,67.1608027832683,24.32663702903451,31.62394554865022,115.18421904134124,56.57649244816925,23.19602850283531,55.10351699382214,65.58569016979865,17.785160320863454,52.50319239729098
327,1,269,9,26,10,68.3184558749751,25.37062264832893,29.403147363695208,114.30411031673589,64.28015636832953,24.95414125225837,51.633990847079886,67.20461589484312,20.069047839488547,54.38607902261174
328,1,269,9,26,11,70.65419558202892,23.903937817649247,30.544899112427306,116.13018847661499,63.860151769261016,29.420233512656615,57.555618819709274,68.8236346968504,21.360591746220173,53.75308598404797
329,1,269,9,26,12,66.0700243339672,25.64158749932196,31.802376854066743,112.28562511027079,51.75557390710505,26.025363947489783,54.30735913195559,67.44948265809603,19.529927447686422,53.279761484617666
330,1,269,9,26,13,71.20809198996297,22.554837844343428,28.548558348151612,114.57722132534698,45.34951496936713,27.56360377312361,54.45199014300911,68.08012148928519,19.12723234952052,55.279261235428415
331,1,269,9,26,14,70.4107798091098,22.690794383133152,33.18877661909218,114.5516337324814,46.76668731215985,25.82490278480815,55.642928315030076,66.38957542285124,17.426937725676407,53.08866988170914
332,1,269,9,26,15,69.4107798091098,26.679790940055568,29.92252563319987,108.68957337700698,58.71779979963717,24.424902784808147,54.68109461097369,66.59950049747202,18.623089479151204,52.27752012227219
333,1,269,9,26,16,68.18796040306384,24.04561594764459,29.31632768385586,119.476512578532,65.14922896093697,23.3782657549712,55.028913219932186,66.9190853766429,18.47528718169762,50.18598300280202
334,1,269,9,26,17,67.23797431124216,20.91957345719782,28.45450800401652,114.79302811040115,65.29631923573316,26.37645920885865,55.80423724573816,66.73696927856403,15.530949344539282,50.1926252529021
335,1,269,9,26,18,62.00898317425818,23.82283570006413,28.86051129966307,112.75853752446882,63.055575796235146,21.22178993670713,59.03793162782536,65.23283383080538,17.526238044490007,48.48199548537729
336,1,269,9,26,19,64.38083145409931,21.937008844058997,25.47678672337388,115.30163893438227,60.21779979963716,23.845886663650862,52.03232234905942,62.77036504971337,17.872609959714868,45.32620222625238
337,1,269,9,26,20,63.2910588382436,19.340552130057706,23.060297894414415,116.74393662303444,46.258605878458035,19.89704934071554,53.30454785832693,58.332870830992626,14.829893729953085,45.122862870810735
338,2,270,9,27,8,66.82503275726351,21.55118198805386,26.647887409432446,113.29056044369105,56.53144980679298,17.81077211858591,44.03672977266,52.129525472598424,15.33477204430692,40.52358867623331
339,2,270,9,27,9,66.64356140395796,23.893139333773657,30.5448991124273,118.63249490341019,61.313037894875265,24.42579216997988,52.144297835316806,64.92094690827659,17.35990455934067,50.81124903590961
340,2,270,9,27,10,79.40218209361313,28.776716314340685,29.403147363695208,107.82988268122294,64.80240159787412,25.19388171104151,51.633990847079886,67.30982810083314,18.89424447129596,51.5009042083234
341,2,270,9,27,11,76.32530105450758,27.755906447013395,30.544899112427306,113.29077502340496,62.985206158384614,24.50972768535072,57.555618819709274,69.19516353013569,24.590314651251308,54.58015572004582
342,2,270,9,27,12,79.55095221261888,23.12163382111339,31.802376854066743,111.57886523314413,70.65254527239745,25.40126465585235,54.30735913195559,68.46245421038819,19.673596304655877,51.65590439267731
343,2,270,9,27,13,80.48610696725468,27.199356740059454,28.548558348151612,111.20681583257269,79.43541031758208,23.784382191180843,54.45199014300911,65.53078171638003,21.346167075734026,52.771163554337086
344,2,270,9,27,14,73.74836172296173,30.937008844059008,33.18877661909218,121.04766670866057,64.49654928349985,23.54085608904221,55.642928315030076,64.37023751926348,17.463032507549492,52.551044215430736
345,2,270,9,27,15,74.35789928573261,23.427658468810122,29.92252563319987,116.93418315892988,58.12841647186947,24.230511261456005,54.68109461097369,56.387435838011065,16.481382726583234,49.79769443879309
346,2,270,9,27,16,73.07366753389577,26.69010223148904,29.31632768385586,109.55402061225743,62.470657532365536,22.737632075043347,55.028913219932186,59.55120741117797,18.068575520816527,52.64341162074132
347,2,270,9,27,17,74.81174684390308,25.30118198805386,27.335737533997264,106.20681583257267,59.648908158015864,24.868069125789212,55.80423724573816,53.823634696850405,17.940718207449176,50.1997595215281
348,2,270,9,27,18,64.36350650468619,23.447694987200567,29.357751547217937,111.95681583257267,57.274768745861664,25.245014655852348,54.231835703803455,63.08544970456253,17.526238044490007,53.20601811004495
349,2,270,9,27,19,69.10446524719104,21.604671022124688,29.79655720361487,110.6562049096418,60.21779979963716,22.290531835441143,58.27089560898465,61.801589033956695,17.872609959714868,42.999789190949976
350,2,270,9,27,20,65.50190220672721,25.787402840076947,23.060297894414415,88.70681583257267,46.258605878458035,20.02223462929298,53.30454785832693,47.67812544417146,16.30548611665988,45.122862870810735
351,3,271,9,28,8,57.337124248027465,21.040027248394242,23.640085360084214,102.17561073991972,52.69816994061318,22.68204564195101,51.18235913195559,52.20193496798098,13.633826455183481,51.994047198903374
352,3,271,9,28,9,66.0185943573517,22.030954074546443,26.899274525155622,111.75058034110019,61.313037894875265,22.074902784808156,53.07625690355188,65.06844879048832,18.212684044780787,51.1238820524634
353,3,271,9,28,10,69.08169505629505,23.626266415771997,29.403147363695208,115.84967297542983,62.993890614598456,32.87937748643584,51.633990847079886,62.438902005086085,18.143827873371023,55.11754073471261
354,3,271,9,28,11,64.27520594714166,25.201350843490143,30.544899112427306,125.8291462426135,63.91499619169376,24.50972768535072,57.555618819709274,62.903952663117664,24.590314651251308,51.02072269947309
355,3,271,9,28,12,67.88245070821633,21.45086115264389,31.802376854066743,101.99865111043498,65.4726136968745,25.40126465585235,54.30735913195559,62.03657453469632,19.504220354981772,50.11019443879308
356,3,271,9,28,13,68.70520178237419,22.267174372466865,28.548558348151612,106.0187305043129,60.924925097357075,23.784382191180843,54.45199014300911,61.954091361338214,21.346167075734026,49.841155416595136
357,3,271,9,28,14,63.772620721793785,23.298002184674576,33.18877661909218,97.73699273076308,61.14446456056601,22.25231971762243,55.642928315030076,63.74947968486669,17.333593966996546,49.51003046619766
358,3,271,9,28,15,66.86183315658316,24.246345291494528,29.92252563319987,102.5114117399632,62.256810004302075,24.203029520793724,53.636729772660004,62.17452131007736,19.131194397925363,50.61754073471262
359,3,271,9,28,16,63.923525550665545,26.69010223148904,29.31632768385586,105.60952134840947,62.470657532365536,22.542412506327327,53.14689261498872,61.139450547219234,19.692321643501337,52.66639780874779
360,3,271,9,28,17,65.91502838962839,25.30118198805386,27.335737533997264,107.7297953695252,59.648908158015864,24.396331356236725,56.24643457451716,46.72279060053431,17.357705561326274,52.456403858050976
361,3,271,9,28,18,54.2953391152766,21.268402222668907,24.849565885896936,100.79099591428695,57.274768745861664,22.329766596341262,51.39589560898465,62.284253938602255,17.526238044490007,52.96497541917736
362,3,271,9,28,19,66.03645055868331,25.129922272061563,26.920655562277116,107.28727022141086,60.614836607279834,22.290531835441143,41.865442100601214,61.55984963111452,17.872609959714868,42.472809748611404
363,3,271,9,28,20,65.64508017723641,25.787402840076968,29.311323881186773,88.70681583257267,58.23763118870136,28.870098831546294,52.65159063715311,61.66300526211388,12.66026803625112,48.6358663383808
364,4,272,9,29,8,59.23127903484719,20.87551658482419,23.659775498288287,102.17561073991972,42.40809832546896,22.68204564195101,42.202440262525066,52.20193496798098,14.038474221364858,51.994047198903374
365,4,272,9,29,9,66.49509380555433,22.030954074546443,25.49646892678448,111.75058034110019,59.88891006375369,25.883824412294437,53.07625690355188,65.06844879048832,17.66911197416081,52.83003600550633
366,4,272,9,29,10,72.95305611178337,23.802196177030332,33.853864003442744,115.84967297542983,62.993890614598456,32.87937748643584,59.75868940761524,62.438902005086085,19.220836112091842,50.54976811004495
367,4,272,9,29,11,71.97135275402923,24.74293754947288,38.04655720361488,125.8291462426135,63.91499619169376,28.243106136486677,60.25731497028261,62.903952663117664,21.394244471295956,51.90230248312764
368,4,272,9,29,12,72.23220352695353,21.45086115264389,33.72959301133468,101.99865111043498,58.694669576841335,29.837872948896443,59.56179605255946,62.03657453469632,24.903858610269047,50.570129891898475
369,4,272,9,29,13,73.10457126329854,23.981747520055958,34.67356855736834,106.0187305043129,62.04749601858894,29.43314473532605,59.70461339161962,61.954091361338214,16.91871976929107,49.0937145309527
370,4,272,9,29,14,71.27008017723641,23.715552130057706,33.246174670683196,97.73699273076308,62.639280363541175,24.35797671413306,58.51950810399912,63.74947968486669,15.925493121850147,50.68029790004996
371,4,272,9,29,15,73.08877602382603,23.29658893872823,31.085318581526533,102.5114117399632,63.041172653985086,29.08115625677929,60.39821273030507,62.17452131007736,16.52565497683467,50.61754073471262
372,4,272,9,29,16,70.716323792922,21.74409541605643,32.33573753399726,105.60952134840947,63.160405622872894,25.489855537972655,60.144999739885584,58.6959379885886,15.73833725506822,52.66639780874779
373,4,272,9,29,17,70.12867244860993,22.591135331906,28.754890536948206,107.7297953695252,59.648908158015864,23.273346360757632,56.24643457451716,54.4778265195409,13.888473396976142,52.17753300504746
374,4,272,9,29,18,71.97135275402923,21.590552130057706,24.849565885896936,100.79099591428695,57.274768745861664,24.378576396126043,51.39589560898465,56.78979890864003,15.789276626381536,52.96497541917736
375,4,272,9,29,19,65.00190220672721,25.129922272061563,26.265699696015254,107.28727022141086,55.406503273946505,22.290531835441143,41.865442100601214,53.00685711146121,15.53995558447257,42.472809748611404
376,4,272,9,29,20,66.0705980533168,25.787402840076968,23.060017098034614,102.5114117399632,52.63928036354117,28.870098831546294,41.011964072048876,60.507854643410695,14.308620515030963,48.6358663383808
377,5,273,9,30,8,62.74128075543074,20.87551658482419,23.659775498288287,102.17561073991972,47.52516648212196,22.68204564195101,42.202440262525066,66.9709290689006,15.271507574192553,51.994047198903374
378,5,273,9,30,9,66.49509380555433,21.56723295390534,25.49646892678448,111.75058034110019,59.88891006375369,25.883824412294437,47.69743397436981,66.90740180671582,17.71820935161193,52.83003600550633
379,5,273,9,30,10,67.85918093577915,24.340552130057716,32.95513832089781,115.84967297542983,62.391687312159846,22.71434327804256,54.07477563514156,66.31203171638003,19.220836112091842,49.96512308644077
380,5,273,9,30,11,71.93782634664777,24.171354544820524,31.900954925301615,125.8291462426135,66.05240159787412,28.243106136486677,56.317971967406436,59.65127283222574,21.394244471295956,52.77926123542842
381,5,273,9,30,12,63.24836172296171,24.336674706720306,33.811414522088775,123.59448808007049,58.694669576841335,29.837872948896443,54.12506593892493,58.61620878934936,19.845480112211074,50.48199548537729
382,5,273,9,30,13,73.41927697014697,23.528374568334243,31.078271058269866,116.07272518450905,62.04749601858894,29.43314473532605,60.03672977266,69.02540993305658,16.91871976929107,51.04805196831927
383,5,273,9,30,14,72.31502838962838,21.536948229287,31.189967043534544,109.43418315892988,62.639280363541175,22.824902784808142,56.35284143733246,67.55726004588927,16.637632726583234,50.699785947733815
384,5,273,9,30,15,72.82784776499292,22.348144885769248,31.085318581526533,114.77003123377908,66.14684505919985,21.21563956716852,54.66970513279417,67.26736656001717,16.506423820070747,49.980709448618526
385,5,273,9,30,16,71.16421135491328,23.190689055709043,32.33573753399726,116.56395868971556,63.909544455016984,22.94821915773899,54.68062475072369,58.6959379885886,15.082430038840483,50.55529790004995
386,5,273,9,30,17,71.84663451857024,20.38221879672437,28.754890536948206,108.94294893644843,61.088909235172025,22.396331356236725,56.24643457451716,54.4778265195409,14.151349165897834,51.813537224877194
387,5,273,9,30,18,68.77893138665014,21.590552130057706,27.563032603815696,108.00997226771561,61.76668731215985,20.522049340715537,51.39589560898465,64.2286983830467,15.789276626381536,51.50308598404797
388,5,273,9,30,19,65.59545862514132,24.37336058172758,26.265699696015254,107.51981111033095,55.406503273946505,20.368901582276667,41.865442100601214,61.59572158435079,15.53995558447257,42.472809748611404
389,5,273,9,30,20,54.09079915740627,25.787402840076968,23.060017098034614,102.5114117399632,52.63928036354117,21.957198502107808,41.011964072048876,60.507854643410695,14.308620515030963,38.618826771471404
